,CUF,CUR,CG,CM,CR
CUF,3.508982358554997e-101,0.002514383335719924,1.581299101149335e-07,0.2392758606599278,0.09177529397008984
CUR,0.002514383335719924,3.508982358554997e-101,8.880118379895596e-05,0.35707203174180224,0.29855444362333317
CG,1.581299101149335e-07,8.880118379895547e-05,0.0,0.19002315622868185,0.288116195093142
CM,0.2392758606599278,0.35707203174180224,0.19002315622868185,0.0,0.14129763481972724
CR,0.09177529397008984,0.29855444362333317,0.288116195093142,0.1412976348197274,3.508982358554997e-101
