,CUF,CUR,CG,CM,CR
CUF,0.9999999999999998,0.7191413237924865,0.9419127979201499,0.32366107437227537,0.4507175696579108
CUR,0.7191413237924865,0.9999999999999998,0.8400360816365663,0.2560031096729862,0.2876348704973944
CG,0.9419127979201499,0.8400360816365664,1.0,0.35808420666851615,0.293644747532235
CM,0.32366107437227537,0.2560031096729862,0.35808420666851615,1.0,0.3984325149056519
CR,0.4507175696579108,0.2876348704973944,0.293644747532235,0.39843251490565185,0.9999999999999998
