{
    "deepseek-coder-33b-base": {
        "CG": 0.2381,
        "CM": 0.35,
        "CR": 0.3235,
        "CUF": 0.2137,
        "CUR": 0.084,
        "CoCo-Score": 0.2190842046403854
    },
    "CodeLlama-7b-Instruct-hf": {
        "CG": 0.1641,
        "CM": 0.15,
        "CR": 0.2571,
        "CUF": 0.0992,
        "CUR": 0.0517,
        "CoCo-Score": 0.12935568991715868
    },
    "DeepSeek-R1-Distill-Qwen-7B": {
        "CUF": 0.5702,
        "CG": 0.3588,
        "CUR": 0.0909,
        "CR": 0.3429,
        "CM": 0.2,
        "CoCo-Score": 0.28262026044541055
    },
    "o1": {
        "CR": 0.4571,
        "CG": 0.5573,
        "CUF": 0.6612,
        "CM": 0.45,
        "CUR": 0.0909,
        "CoCo-Score": 0.39602532143623814
    },
    "CodeLlama-13b-Instruct-hf": {
        "CG": 0.186,
        "CM": 0.25,
        "CR": 0.3143,
        "CUF": 0.1345,
        "CUR": 0.0678,
        "CoCo-Score": 0.17136543739191218
    },
    "CodeLlama-34b-Instruct-hf": {
        "CG": 0.1908,
        "CM": 0.2,
        "CR": 0.2941,
        "CUF": 0.1488,
        "CUR": 0.0424,
        "CoCo-Score": 0.15476280107373833
    },
    "gpt4": {
        "CR": 0.4571,
        "CG": 0.4427,
        "CUF": 0.5372,
        "CM": 0.15,
        "CUR": 0.157,
        "CoCo-Score": 0.32060029831615755
    },
    "deepseek-coder-6.7b-instruct": {
        "CG": 0.4692,
        "CM": 0.4444,
        "CR": 0.2812,
        "CUF": 0.3565,
        "CUR": 0.1193,
        "CoCo-Score": 0.30620806948010704
    },
    "deepseek-coder-1.3b-instruct": {
        "CG": 0.1985,
        "CM": 0.2,
        "CR": 0.2571,
        "CUF": 0.1513,
        "CUR": 0.0598,
        "CoCo-Score": 0.156201025080407
    },
    "deepseek-coder-33b-instruct": {
        "CG": 0.3953,
        "CM": 0.5,
        "CR": 0.3714,
        "CUF": 0.3388,
        "CUR": 0.1074,
        "CoCo-Score": 0.310523682956784
    },
    "deepseek-coder-6.7b-base": {
        "CG": 0.2578,
        "CM": 0.25,
        "CR": 0.2857,
        "CUF": 0.2605,
        "CUR": 0.0508,
        "CoCo-Score": 0.1967970946453257
    },
    "CodeLlama-7b-hf": {
        "CG": 0.1145,
        "CM": 0.3,
        "CR": 0.3939,
        "CUF": 0.1293,
        "CUR": 0.0333,
        "CoCo-Score": 0.16866279283214886
    },
    "CodeLlama-34b-hf": {
        "CG": 0.2171,
        "CM": 0.15,
        "CR": 0.2,
        "CUF": 0.1583,
        "CUR": 0.0667,
        "CoCo-Score": 0.14497832222187576
    },
    "deepseek-coder-1.3b-base": {
        "CG": 0.1527,
        "CM": 0.2,
        "CR": 0.3143,
        "CUF": 0.1488,
        "CUR": 0.0331,
        "CoCo-Score": 0.14841462820108622
    },
    "CodeLlama-13b-hf": {
        "CG": 0.1923,
        "CM": 0.2,
        "CR": 0.3226,
        "CUF": 0.1901,
        "CUR": 0.0417,
        "CoCo-Score": 0.16669819150367002
    }
}