{
    "deepseek-coder-33b-base": {
        "CUF": 0.2137,
        "CUR": 0.084,
        "CM": 0.1,
        "CR": 0.2857,
        "CG": 0.2366,
        "CoCo-Score": 0.17174552899568
    },
    "CodeLlama-7b-Instruct-hf": {
        "CUF": 0.0992,
        "CUR": 0.0513,
        "CM": 0.0,
        "CR": 0.1714,
        "CG": 0.1462,
        "CoCo-Score": 0.08698495996283498
    },
    "DeepSeek-R1-Distill-Qwen-7B": {
        "CUF": 0.5702,
        "CG": 0.3588,
        "CUR": 0.0909,
        "CR": 0.3429,
        "CM": 0.2,
        "CoCo-Score": 0.28883832482247773
    },
    "o1": {
        "CR": 0.4571,
        "CG": 0.5573,
        "CUF": 0.6612,
        "CM": 0.45,
        "CUR": 0.0909,
        "CoCo-Score": 0.40908235991920655
    },
    "CodeLlama-13b-Instruct-hf": {
        "CUF": 0.0744,
        "CUR": 0.0427,
        "CM": 0.25,
        "CR": 0.2121,
        "CG": 0.186,
        "CoCo-Score": 0.14344694085642645
    },
    "CodeLlama-34b-Instruct-hf": {
        "CUF": 0.1488,
        "CUR": 0.0333,
        "CM": 0.1,
        "CR": 0.2353,
        "CG": 0.1908,
        "CoCo-Score": 0.1294165864069148
    },
    "gpt4": {
        "CR": 0.4571,
        "CG": 0.4427,
        "CUF": 0.5372,
        "CM": 0.15,
        "CUR": 0.157,
        "CoCo-Score": 0.32552613015504855
    },
    "deepseek-coder-6.7b-instruct": {
        "CUF": 0.3565,
        "CUR": 0.1193,
        "CM": 0.35,
        "CR": 0.2812,
        "CG": 0.4692,
        "CoCo-Score": 0.29693746228432105
    },
    "deepseek-coder-1.3b-instruct": {
        "CUF": 0.1429,
        "CUR": 0.042,
        "CM": 0.2,
        "CR": 0.2353,
        "CG": 0.1985,
        "CoCo-Score": 0.1518550910407357
    },
    "deepseek-coder-33b-instruct": {
        "CUF": 0.3193,
        "CUR": 0.0431,
        "CM": 0.45,
        "CR": 0.3714,
        "CG": 0.3588,
        "CoCo-Score": 0.28470824707070014
    },
    "deepseek-coder-6.7b-base": {
        "CUF": 0.2605,
        "CUR": 0.0424,
        "CM": 0.0,
        "CR": 0.1471,
        "CG": 0.2231,
        "CoCo-Score": 0.1230277734093496
    },
    "CodeLlama-7b-hf": {
        "CUF": 0.1121,
        "CUR": 0.0333,
        "CM": 0.0526,
        "CR": 0.3939,
        "CG": 0.1,
        "CoCo-Score": 0.12430047605818706
    },
    "CodeLlama-34b-hf": {
        "CUF": 0.1176,
        "CUR": 0.0084,
        "CM": 0.05,
        "CR": 0.2,
        "CG": 0.2077,
        "CoCo-Score": 0.10406961507190461
    },
    "deepseek-coder-1.3b-base": {
        "CUF": 0.1488,
        "CUR": 0.0254,
        "CM": 0.1053,
        "CR": 0.3143,
        "CG": 0.088,
        "CoCo-Score": 0.12348192775667591
    },
    "CodeLlama-13b-hf": {
        "CUF": 0.115,
        "CUR": 0.0336,
        "CM": 0.2,
        "CR": 0.3226,
        "CG": 0.1923,
        "CoCo-Score": 0.15824052928931853
    }
}